{
  "name": "tutortrack",
  "version": "1.0.0",
  "description": "AI-powered mobile app for tracking home tutoring sessions",
  "type": "module",
  "scripts": {
    "dev": "tsx server/index.ts",
    "build": "vite build",
    "preview": "vite preview",
    "db:push": "drizzle-kit push",
    "db:generate": "drizzle-kit generate",
    "db:migrate": "drizzle-kit migrate"
  },
  "dependencies": {
    "@hookform/resolvers": "^3.3.4",
    "@neondatabase/serverless": "^0.9.0",
    "@radix-ui/react-accordion": "^1.1.2",
    "@radix-ui/react-alert-dialog": "^1.0.5",
    "@radix-ui/react-aspect-ratio": "^1.0.3",
    "@radix-ui/react-avatar": "^1.0.4",
    "@radix-ui/react-checkbox": "^1.0.4",
    "@radix-ui/react-collapsible": "^1.0.3",
    "@radix-ui/react-context-menu": "^2.1.5",
    "@radix-ui/react-dialog": "^1.0.5",
    "@radix-ui/react-dropdown-menu": "^2.0.6",
    "@radix-ui/react-hover-card": "^1.0.7",
    "@radix-ui/react-label": "^2.0.2",
    "@radix-ui/react-menubar": "^1.0.4",
    "@radix-ui/react-navigation-menu": "^1.1.4",
    "@radix-ui/react-popover": "^1.0.7",
    "@radix-ui/react-progress": "^1.0.3",
    "@radix-ui/react-radio-group": "^1.1.3",
    "@radix-ui/react-scroll-area": "^1.0.5",
    "@radix-ui/react-select": "^2.0.0",
    "@radix-ui/react-separator": "^1.0.3",
    "@radix-ui/react-slider": "^1.1.2",
    "@radix-ui/react-slot": "^1.0.2",
    "@radix-ui/react-switch": "^1.0.3",
    "@radix-ui/react-tabs": "^1.0.4",
    "@radix-ui/react-toast": "^1.1.5",
    "@radix-ui/react-toggle": "^1.0.3",
    "@radix-ui/react-toggle-group": "^1.0.4",
    "@radix-ui/react-tooltip": "^1.0.7",
    "@tanstack/react-query": "^5.0.0",
    "class-variance-authority": "^0.7.0",
    "clsx": "^2.1.0",
    "cmdk": "^0.2.1",
    "connect-pg-simple": "^9.0.1",
    "date-fns": "^3.6.0",
    "drizzle-orm": "^0.29.0",
    "drizzle-zod": "^0.5.1",
    "embla-carousel-react": "^8.0.0",
    "express": "^4.18.2",
    "express-session": "^1.17.3",
    "framer-motion": "^11.0.0",
    "input-otp": "^1.2.4",
    "lucide-react": "^0.344.0",
    "memoizee": "^0.4.15",
    "memorystore": "^1.6.7",
    "next-themes": "^0.2.1",
    "openid-client": "^5.6.4",
    "passport": "^0.7.0",
    "passport-local": "^1.0.0",
    "react": "^18.2.0",
    "react-day-picker": "^8.10.0",
    "react-dom": "^18.2.0",
    "react-hook-form": "^7.49.0",
    "react-icons": "^5.0.1",
    "react-resizable-panels": "^2.0.8",
    "recharts": "^2.12.1",
    "tailwind-merge": "^2.2.1",
    "tailwindcss-animate": "^1.0.7",
    "vaul": "^0.9.0",
    "wouter": "^3.0.0",
    "ws": "^8.16.0",
    "zod": "^3.22.4",
    "zod-validation-error": "^3.0.0"
  },
  "devDependencies": {
    "@tailwindcss/typography": "^0.5.10",
    "@tailwindcss/vite": "^4.0.0",
    "@types/connect-pg-simple": "^7.0.3",
    "@types/express": "^4.17.21",
    "@types/express-session": "^1.17.10",
    "@types/memoizee": "^0.4.11",
    "@types/node": "^20.11.0",
    "@types/passport": "^1.0.16",
    "@types/passport-local": "^1.0.38",
    "@types/react": "^18.2.47",
    "@types/react-dom": "^18.2.18",
    "@types/ws": "^8.5.10",
    "@vitejs/plugin-react": "^4.2.1",
    "autoprefixer": "^10.4.17",
    "drizzle-kit": "^0.20.9",
    "postcss": "^8.4.33",
    "tailwindcss": "^3.4.1",
    "tsx": "^4.7.0",
    "typescript": "^5.3.3",
    "vite": "^5.0.11"
  }
}